{
    "results": {
        "drop": {
            "em": 0.02097315436241611,
            "em_stderr": 0.0014674686372140246,
            "f1": 0.10289848993288603,
            "f1_stderr": 0.002137261279203993
        }
    },
    "versions": {
        "drop": 1
    }
}