{
    "results": {
        "rte": {
            "acc": 0.5631768953068592,
            "acc_stderr": 0.029855247390314952
        },
        "cb": {
            "acc": 0.4642857142857143,
            "acc_stderr": 0.0672477765493766,
            "f1": 0.38612368024132726
        }
    },
    "versions": {
        "rte": 0,
        "cb": 1
    }
}