{
    "results": {
        "arc_easy": {
            "acc": 0.7264309764309764,
            "acc_stderr": 0.009147424438490738,
            "acc_norm": 0.6847643097643098,
            "acc_norm_stderr": 0.00953358936850586
        }
    },
    "versions": {
        "arc_easy": 0
    }
}