{
    "results": {
        "wic": {
            "acc": 0.5172413793103449,
            "acc_stderr": 0.01979893971597297
        }
    },
    "versions": {
        "wic": 0
    }
}